Comentario,Hashtag
"I love this product!","#iphone14"
"Terrible customer service, never buying from this company again.","#iphone14"
"Received my order from XYZ Company today. Very satisfied!","#iphone14"
"Don't waste your money on this, it's not worth it.","#iphone14"
"The new update is amazing, great job!","#iphone14"
"Disappointed with the quality of the product.","#iphone14"
"Just ordered from XYZ Company, can't wait to receive it!","#iphone14"
"The customer support was helpful and resolved my issue quickly.","#iphone14"
"Highly recommend this product to everyone!","#iphone14"
"The shipping was delayed, not happy about it.","#iphone14"
"The product exceeded my expectations. Excellent quality!","#iphone14"
"Very disappointed with the lack of communication from this company.","#iphone14"
"Great experience shopping with XYZ Company. Will shop again!","#iphone14"
"The product arrived broken. Terrible quality control.","#iphone14"
"I had to return the item because it didn't work as described.","#iphone14"
"Fast shipping and great customer service. Very satisfied!","#iphone14"
"The website was easy to navigate and had all the information I needed.","#iphone14"
"Product arrived on time and in perfect condition. Highly recommend!","#iphone14"
"This company has the worst customer service I've ever experienced.","#iphone14"
"I'm so happy with my purchase. The product is exactly what I wanted.","#iphone14"
"I will never buy from this company again. They don't care about their customers.","#iphone14"
"Excellent product quality and fast delivery. Very impressed!","#iphone14"
"I received the wrong item and it took forever to get it sorted out.","#iphone14"
"I'm in love with this product. It's exactly what I needed!","#iphone14"
"Horrible experience with XYZ Company. They lost my order and didn't even apologize.","#iphone14"
"The product was much smaller than expected. Not happy with the purchase.","#iphone14"
"I'm extremely satisfied with my purchase. The product is top-notch!","#iphone14"
"Very easy transaction and fast shipping. Highly recommend this company!","#iphone14"
"I will be returning this product. It's not worth the price.","#iphone14"
"Received excellent customer service from XYZ Company. Thank you!","#iphone14"
"The product arrived damaged and it took weeks to get a replacement.","#iphone14"
"I'm very disappointed with the quality of the product. It broke after one use.","#iphone14"
"Great value for the price. Very happy with my purchase!","#iphone14"
"Horrible experience with XYZ Company. Will never buy from them again.","#iphone14"
"The product arrived late and was damaged. Very unhappy with the service.","#iphone14"
"I'm so impressed with the quality of this product. It exceeded my expectations.","#iphone14"
"The customer service at XYZ Company is terrible. They never respond to emails.","#iphone14"
"I'm very pleased with my purchase. The product is exactly as described.","#iphone14"
"I had a great experience shopping with XYZ Company. The product is perfect!","#iphone14"
"Received my order quickly and it was exactly what I wanted. Highly recommend!","#iphone14"
"I will never buy from this company again. The product was a complete disappointment.","#iphone14"
"The product arrived damaged and it took forever to get a refund. Terrible service.","#iphone14"
"Very satisfied with my purchase. The product is high quality and arrived quickly.","#iphone14"
"I'm extremely disappointed with the service at XYZ Company. Will not be shopping there again.","#iphone14"
"The product was delivered on time and in perfect condition. Very impressed!","#iphone14"
"Received terrible customer service from XYZ Company. They were rude and unhelpful.","#iphone14"
"The product arrived quickly and was exactly what I expected. Very happy with my purchase!","#iphone14"
"I'm very happy with my purchase. The product is excellent quality and arrived on time.","#iphone14"
"I received my order quickly and the product exceeded my expectations. Highly recommend!","#iphone14"
"Terrible experience with XYZ Company. The product never arrived and they didn't refund me.","#iphone14"
"The product was exactly what I needed and arrived quickly. Very satisfied!","#iphone14"
"I had a great experience shopping with XYZ Company. The product is fantastic!","#iphone14"
"I'm extremely satisfied with my purchase. The product is high quality and arrived quickly.","#iphone14"
"The customer service at XYZ Company is terrible. They never respond to emails.","#iphone14"
"I'm very pleased with my purchase. The product is exactly as described.","#iphone14"
"I had a great experience shopping with XYZ Company. The product is perfect!","#iphone14"
"Received my order quickly and it was exactly what I wanted. Highly recommend!","#iphone14"
"I will never buy from this company again. The product was a complete disappointment.","#iphone14"
"The product arrived damaged and it took forever to get a refund. Terrible service.","#iphone14"
"Very satisfied with my purchase. The product is high quality and arrived quickly.","#iphone14"
"I'm extremely disappointed with the service at XYZ Company. Will not be shopping there again.","#iphone14"
"The product was delivered on time and in perfect condition. Very impressed!","#iphone14"
"Received terrible customer service from XYZ Company. They were rude and unhelpful.","#iphone14"
"The product arrived quickly and was exactly what I expected. Very happy with my purchase!","#iphone14"
"I'm very happy with my purchase. The product is excellent quality and arrived on time.","#iphone14"
"I received my order quickly and the product exceeded my expectations. Highly recommend!","#iphone14"
"Terrible experience with XYZ Company. The product never arrived and they didn't refund me.","#iphone14"
"The product was exactly what I needed and arrived quickly. Very satisfied!","#iphone14"
"I had a great experience shopping with XYZ Company. The product is fantastic!","#iphone14"
"I'm extremely satisfied with my purchase. The product is high quality and arrived quickly.","#iphone14"
"The customer service at XYZ Company is terrible. They never respond to emails.","#iphone14"
"I'm very pleased with my purchase. The product is exactly as described.","#iphone14"
"I had a great experience shopping with XYZ Company. The product is perfect!","#iphone14"
"Received my order quickly and it was exactly what I wanted. Highly recommend!","#iphone14"
"I will never buy from this company again. The product was a complete disappointment.","#iphone14"
"The product arrived damaged and it took forever to get a refund. Terrible service.","#iphone14"
"Very satisfied with my purchase. The product is high quality and arrived quickly.","#iphone14"
"I'm extremely disappointed with the service at XYZ Company. Will not be shopping there again.","#iphone14"
"The product was delivered on time and in perfect condition. Very impressed!","#iphone14"
"Received terrible customer service from XYZ Company. They were rude and unhelpful.","#iphone14"
"The product arrived quickly and was exactly what I expected. Very happy with my purchase!","#iphone14"
"I'm very happy with my purchase. The product is excellent quality and arrived on time.","#iphone14"
"I received my order quickly and the product exceeded my expectations. Highly recommend!","#iphone14"
"Terrible experience with XYZ Company. The product never arrived and they didn't refund me.","#iphone14"
"The product was exactly what I needed and arrived quickly. Very satisfied!","#iphone14"
"I had a great experience shopping with XYZ Company. The product is fantastic!","#iphone14"
"I'm extremely satisfied with my purchase. The product is high quality and arrived quickly.","#iphone14"
"The customer service at XYZ Company is terrible. They never respond to emails.","#iphone14"
"I'm very pleased with my purchase. The product is exactly as described.","#iphone14"
"I had a great experience shopping with XYZ Company. The product is perfect!","#iphone14"
"Received my order quickly and it was exactly what I wanted. Highly recommend!","#iphone14"
"I will never buy from this company again. The product was a complete disappointment.","#iphone14"
"The product arrived damaged and it took forever to get a refund. Terrible service.","#iphone14"
"Very satisfied with my purchase. The product is high quality and arrived quickly.","#iphone14"
"I'm extremely disappointed with the service at XYZ Company. Will not be shopping there again.","#iphone14"
"The product was delivered on time and in perfect condition. Very impressed!","#iphone14"
"Received terrible customer service from XYZ Company. They were rude and unhelpful.","#iphone14"
"The product arrived quickly and was exactly what I expected. Very happy with my purchase!","#iphone14"
"I'm very happy with my purchase. The product is excellent quality and arrived on time.","#iphone14"
"I received my order quickly and the product exceeded my expectations. Highly recommend!","#iphone14"
"Terrible experience with XYZ Company. The product never arrived and they didn't refund me.","#iphone14"
"The product was exactly what I needed and arrived quickly. Very satisfied!","#iphone14"
"I had a great experience shopping with XYZ Company. The product is fantastic!","#iphone14"
"I'm extremely satisfied with my purchase. The product is high quality and arrived quickly.","#iphone14"
"The customer service at XYZ Company is terrible. They never respond to emails.","#iphone14"
"I'm very pleased with my purchase. The product is exactly as described.","#iphone14"
"I had a great experience shopping with XYZ Company. The product is perfect!","#iphone14"
"Received my order quickly and it was exactly what I wanted. Highly recommend!","#iphone14"
"I will never buy from this company again. The product was a complete disappointment.","#iphone14"
"The product arrived damaged and it took forever to get a refund. Terrible service.","#iphone14"
"Very satisfied with my purchase. The product is high quality and arrived quickly.","#iphone14"
"I'm extremely disappointed with the service at XYZ Company. Will not be shopping there again.","#iphone14"
"The product was delivered on time and in perfect condition. Very impressed!","#iphone14"
"Received terrible customer service from XYZ Company. They were rude and unhelpful.","#iphone14"
"The product arrived quickly and was exactly what I expected. Very happy with my purchase!","#iphone14"
"I'm very happy with my purchase. The product is excellent quality and arrived on time.","#iphone14"
"I received my order quickly and the product exceeded my expectations. Highly recommend!","#iphone14"
"Terrible experience with XYZ Company. The product never arrived and they didn't refund me.","#iphone14"
"The product was exactly what I needed and arrived quickly. Very satisfied!","#iphone14"
"I had a great experience shopping with XYZ Company. The product is fantastic!","#iphone14"
"I'm extremely satisfied with my purchase. The product is high quality and arrived quickly.","#iphone14"
"The customer service at XYZ Company is terrible. They never respond to emails.","#iphone14"
"I'm very pleased with my purchase. The product is exactly as described.","#iphone14"
"I had a great experience shopping with XYZ Company. The product is perfect!","#iphone14"
"Received my order quickly and it was exactly what I wanted. Highly recommend!","#iphone14"
"I will never buy from this company again. The product was a complete disappointment.","#iphone14"
"The product arrived damaged and it took forever to get a refund. Terrible service.","#iphone14"
"Very satisfied with my purchase. The product is high quality and arrived quickly.","#iphone14"
"I'm extremely disappointed with the service at XYZ Company. Will not be shopping there again.","#iphone14"
"The product was delivered on time and in perfect condition. Very impressed!","#iphone14"
"Received terrible customer service from XYZ Company. They were rude and unhelpful.","#iphone14"
"The product arrived quickly and was exactly what I expected. Very happy with my purchase!","#iphone14"
"I'm very happy with my purchase. The product is excellent quality and arrived on time.","#iphone14"
"I received my order quickly and the product exceeded my expectations. Highly recommend!","#iphone14"
"Terrible experience with XYZ Company. The product never arrived and they didn't refund me.","#iphone14"
"The product was exactly what I needed and arrived quickly. Very satisfied!","#iphone14"
"I had a great experience shopping with XYZ Company. The product is fantastic!","#iphone14"
"I'm extremely satisfied with my purchase. The product is high quality and arrived quickly.","#iphone14"
"The customer service at XYZ Company is terrible. They never respond to emails.","#iphone14"
"I'm very pleased with my purchase. The product is exactly as described.","#iphone14"
"I had a great experience shopping with XYZ Company. The product is perfect!","#iphone14"
"Received my order quickly and it was exactly what I wanted. Highly recommend!","#iphone14"
"I will never buy from this company again. The product was a complete disappointment.","#iphone14"
"The product arrived damaged and it took forever to get a refund. Terrible service.","#iphone14"
"Very satisfied with my purchase. The product is high quality and arrived quickly.","#iphone14"
"I'm extremely disappointed with the service at XYZ Company. Will not be shopping there again.","#iphone14"
"The product was delivered on time and in perfect condition. Very impressed!","#iphone14"
"Received terrible customer service from XYZ Company. They were rude and unhelpful.","#iphone14"
"The product arrived quickly and was exactly what I expected. Very happy with my purchase!","#iphone14"
"I'm very happy with my purchase. The product is excellent quality and arrived on time.","#iphone14"
"I received my order quickly and the product exceeded my expectations. Highly recommend!","#iphone14"
"Terrible experience with XYZ Company. The product never arrived and they didn't refund me.","#iphone14"
"The product was exactly what I needed and arrived quickly. Very satisfied!","#iphone14"
"I had a great experience shopping with XYZ Company. The product is fantastic!","#iphone14"
"I'm extremely satisfied with my purchase. The product is high quality and arrived quickly.","#iphone14"
"The customer service at XYZ Company is terrible. They never respond to emails.","#iphone14"
"I'm very pleased with my purchase. The product is exactly as described.","#iphone14"
"I had a great experience shopping with XYZ Company. The product is perfect!","#iphone14"
"Received my order quickly and it was exactly what I wanted. Highly recommend!","#iphone14"
"I will never buy from this company again. The product was a complete disappointment.","#iphone14"
"The product arrived damaged and it took forever to get a refund. Terrible service.","#iphone14"
"Very satisfied with my purchase. The product is high quality and arrived quickly.","#iphone14"
"I'm extremely disappointed with the service at XYZ Company. Will not be shopping there again.","#iphone14"
"The product was delivered on time and in perfect condition. Very impressed!","#iphone14"
"Received terrible customer service from XYZ Company. They were rude and unhelpful.","#iphone14"
"The product arrived quickly and was exactly what I expected. Very happy with my purchase!","#iphone14"
"I'm very happy with my purchase. The product is excellent quality and arrived on time.","#iphone14"
"I received my order quickly and the product exceeded my expectations. Highly recommend!","#iphone14"
"Terrible experience with XYZ Company. The product never arrived and they didn't refund me.","#iphone14"
"The product was exactly what I needed and arrived quickly. Very satisfied!","#iphone14"
"I had a great experience shopping with XYZ Company. The product is fantastic!","#iphone14"
"I'm extremely satisfied with my purchase. The product is high quality and arrived quickly.","#iphone14"
"The customer service at XYZ Company is terrible. They never respond to emails.","#iphone14"
"I'm very pleased with my purchase. The product is exactly as described.","#iphone14"
"I had a great experience shopping with XYZ Company. The product is perfect!","#iphone14"
"Received my order quickly and it was exactly what I wanted. Highly recommend!","#iphone14"
"I will never buy from this company again. The product was a complete disappointment.","#iphone14"
"The product arrived damaged and it took forever to get a refund. Terrible service.","#iphone14"
"Very satisfied with my purchase. The product is high quality and arrived quickly.","#iphone14"
"I'm extremely disappointed with the service at XYZ Company. Will not be shopping there again.","#iphone14"
"The product was delivered on time and in perfect condition. Very impressed!","#iphone14"
"Received terrible customer service from XYZ Company. They were rude and unhelpful.","#iphone14"
"The product arrived quickly and was exactly what I expected. Very happy with my purchase!","#iphone14"
"I'm very happy with my purchase. The product is excellent quality and arrived on time.","#iphone14"
"I received my order quickly and the product exceeded my expectations. Highly recommend!","#iphone14"
"Terrible experience with XYZ Company. The product never arrived and they didn't refund me.","#iphone14"
"The product was exactly what I needed and arrived quickly. Very satisfied!","#iphone14"
"I had a great experience shopping with XYZ Company. The product is fantastic!","#iphone14"
"I'm extremely satisfied with my purchase. The product is high quality and arrived quickly.","#iphone14"
"The customer service at XYZ Company is terrible. They never respond to emails.","#iphone14"
"I'm very pleased with my purchase. The product is exactly as described.","#iphone14"
"I had a great experience shopping with XYZ Company. The product is perfect!","#iphone14"
"Received my order quickly and it was exactly what I wanted. Highly recommend!","#iphone14"
"I will never buy from this company again. The product was a complete disappointment.","#iphone14"
"The product arrived damaged and it took forever to get a refund. Terrible service.","#iphone14"
"Very satisfied with my purchase. The product is high quality and arrived quickly.","#iphone14"
"I'm extremely disappointed with the service at XYZ Company. Will not be shopping there again.","#iphone14"
"The product was delivered on time and in perfect condition. Very impressed!","#iphone14"
"Received terrible customer service from XYZ Company. They were rude and unhelpful.","#iphone14"
"The product arrived quickly and was exactly what I expected. Very happy with my purchase!","#iphone14"
"I'm very happy with my purchase. The product is excellent quality and arrived on time.","#iphone14"
"I received my order quickly and the product exceeded my expectations. Highly recommend!","#iphone14"
"Terrible experience with XYZ Company. The product never arrived and they didn't refund me.","#iphone14"
"The product was exactly what I needed and arrived quickly. Very satisfied!","#iphone14"
"I had a great experience shopping with XYZ Company. The product is fantastic!","#iphone14"
"I'm extremely satisfied with my purchase. The product is high quality and arrived quickly.","#iphone14"
"The customer service at XYZ Company is terrible. They never respond to emails.","#iphone14"
"I'm very pleased with my purchase. The product is exactly as described.","#iphone14"
"I had a great experience shopping with XYZ Company. The product is perfect!","#iphone14"
"Received my order quickly and it was exactly what I wanted. Highly recommend!","#iphone14"
"I will never buy from this company again. The product was a complete disappointment.","#iphone14"
"The product arrived damaged and it took forever to get a refund. Terrible service.","#iphone14"
"Very satisfied with my purchase. The product is high quality and arrived quickly.","#iphone14"
"I'm extremely disappointed with the service at XYZ Company. Will not be shopping there again.","#iphone14"
"The product was delivered on time and in perfect condition. Very impressed!","#iphone14"
"Received terrible customer service from XYZ Company. They were rude and unhelpful.","#iphone14"
"The product arrived quickly and was exactly what I expected. Very happy with my purchase!","#iphone14"
"I'm very happy with my purchase. The product is excellent quality and arrived on time.","#iphone14"
"I received my order quickly and the product exceeded my expectations. Highly recommend!","#iphone14"
"Terrible experience with XYZ Company. The product never arrived and they didn't refund me.","#iphone14"
"The product was exactly what I needed and arrived quickly. Very satisfied!","#iphone14"
"I had a great experience shopping with XYZ Company. The product is fantastic!","#iphone14"
"I'm extremely satisfied with my purchase. The product is high quality and arrived quickly.","#iphone14"
"The customer service at XYZ Company is terrible. They never respond to emails.","#iphone14"
"I'm very pleased with my purchase. The product is exactly as described.","#iphone14"
"I had a great experience shopping with XYZ Company. The product is perfect!","#iphone14"
"Received my order quickly and it was exactly what I wanted. Highly recommend!","#iphone14"
"I will never buy from this company again. The product was a complete disappointment.","#iphone14"
"The product arrived damaged and it took forever to get a refund. Terrible service.","#iphone14"
"Very satisfied with my purchase. The product is high quality and arrived quickly.","#iphone14"
"I'm extremely disappointed with the service at XYZ Company. Will not be shopping there again.","#iphone14"
"The product was delivered on time and in perfect condition. Very impressed!","#iphone14"
"Received terrible customer service from XYZ Company. They were rude and unhelpful.","#iphone14"
"The product arrived quickly and was exactly what I expected. Very happy with my purchase!","#iphone14"
"I'm very happy with my purchase. The product is excellent quality and arrived on time.","#iphone14"
"I received my order quickly and the product exceeded my expectations. Highly recommend!","#iphone14"
"Terrible experience with XYZ Company. The product never arrived and they didn't refund me.","#iphone14"
"The product was exactly what I needed and arrived quickly. Very satisfied!","#iphone14"
"I had a great experience shopping with XYZ Company. The product is fantastic!","#iphone14"
"I'm extremely satisfied with my purchase. The product is high quality and arrived quickly.","#iphone14"
"The customer service at XYZ Company is terrible. They never respond to emails.","#iphone14"
"I'm very pleased with my purchase. The product is exactly as described.","#iphone14"
"I had a great experience shopping with XYZ Company. The product is perfect!","#iphone14"
"Received my order quickly and it was exactly what I wanted. Highly recommend!","#iphone14"
"I will never buy from this company again. The product was a complete disappointment.","#iphone14"
"The product arrived damaged and it took forever to get a refund. Terrible service.","#iphone14"
"Very satisfied with my purchase. The product is high quality and arrived quickly.","#iphone14"
"I'm extremely disappointed with the service at XYZ Company. Will not be shopping there again.","#iphone14"
"The product was delivered on time and in perfect condition. Very impressed!","#iphone14"
"Received terrible customer service from XYZ Company. They were rude and unhelpful.","#iphone14"
"The product arrived quickly and was exactly what I expected. Very happy with my purchase!","#iphone14"
"I'm very happy with my purchase. The product is excellent quality and arrived on time.","#iphone14"
"I received my order quickly and the product exceeded my expectations. Highly recommend!","#iphone14"
"Terrible experience with XYZ Company. The product never arrived and they didn't refund me.","#iphone14"
"The product was exactly what I needed and arrived quickly. Very satisfied!","#iphone14"
"I had a great experience shopping with XYZ Company. The product is fantastic!","#iphone14"
"I'm extremely satisfied with my purchase. The product is high quality and arrived quickly.","#iphone14"
"The customer service at XYZ Company is terrible. They never respond to emails.","#iphone14"
"I'm very pleased with my purchase. The product is exactly as described.","#iphone14"
"I had a great experience shopping with XYZ Company. The product is perfect!","#iphone14"
"Received my order quickly and it was exactly what I wanted. Highly recommend!","#iphone14"
"I will never buy from this company again. The product was a complete disappointment.","#iphone14"
"The product arrived damaged and it took forever to get a refund. Terrible service.","#iphone14"
"Very satisfied with my purchase. The product is high quality and arrived quickly.","#iphone14"
"I'm extremely disappointed with the service at XYZ Company. Will not be shopping there again.","#iphone14"
"The product was delivered on time and in perfect condition. Very impressed!","#iphone14"
"Received terrible customer service from XYZ Company. They were rude and unhelpful.","#iphone14"
"The product arrived quickly and was exactly what I expected. Very happy with my purchase!","#iphone14"
"I'm very happy with my purchase. The product is excellent quality and arrived on time.","#iphone14"
"I received my order quickly and the product exceeded my expectations. Highly recommend!","#iphone14"
"Terrible experience with XYZ Company. The product never arrived and they didn't refund me.","#iphone14"
"The product was exactly what I needed and arrived quickly. Very satisfied!","#iphone14"
"I had a great experience shopping with XYZ Company. The product is fantastic!","#iphone14"
"I'm extremely satisfied with my purchase. The product is high quality and arrived quickly.","#iphone14"
"The customer service at XYZ Company is terrible. They never respond to emails.","#iphone14"
"I'm very pleased with my purchase. The product is exactly as described.","#iphone14"
"I had a great experience shopping with XYZ Company. The product is perfect!","#iphone14"
"Received my order quickly and it was exactly what I wanted. Highly recommend!","#iphone14"
"I will never buy from this company again. The product was a complete disappointment.","#iphone14"
"The product arrived damaged and it took forever to get a refund. Terrible service.","#iphone14"
"Very satisfied with my purchase. The product is high quality and arrived quickly.","#iphone14"
"I'm extremely disappointed with the service at XYZ Company. Will not be shopping there again.","#iphone14"
"The product was delivered on time and in perfect condition. Very impressed!","#iphone14"
"Received terrible customer service from XYZ Company. They were rude and unhelpful.","#iphone14"
"The product arrived quickly and was exactly what I expected. Very happy with my purchase!","#iphone14"
"I'm very happy with my purchase. The product is excellent quality and arrived on time.","#iphone14"
"I received my order quickly and the product exceeded my expectations. Highly recommend!","#iphone14"
"Terrible experience with XYZ Company. The product never arrived and they didn't refund me.","#iphone14"
"The product was exactly what I needed and arrived quickly. Very satisfied!","#iphone14"
"I had a great experience shopping with XYZ Company. The product is fantastic!","#iphone14"
"I'm extremely satisfied with my purchase. The product is high quality and arrived quickly.
"The customer service at XYZ Company is terrible.","#iphone14"